"","country","year","pop","continent","lifeExp","gdpPercap"
"17","Albania",1972,2263554,"Europe",67.69,3313.422188
"785","Jamaica",1972,1997616,"Americas",69,7433.889293
"244","Canada",1967,20819767,"Americas",72.13,16076.58803
"831","Korea Dem. Rep.",1962,10917494,"Asia",56.656,1621.693598
"1514","Tanzania",1957,9452826,"Africa",42.974,698.5356073
